{"mean":{"confidence_interval":{"confidence_level":0.95,"lower_bound":66257098.63056846,"upper_bound":72724347.4625},"point_estimate":69397614.72934523,"standard_error":1656032.147494635},"median":{"confidence_interval":{"confidence_level":0.95,"lower_bound":65165792.83333333,"upper_bound":72161595.925},"point_estimate":69821763.10714287,"standard_error":1546575.6423853594},"median_abs_dev":{"confidence_interval":{"confidence_level":0.95,"lower_bound":562295.1284922659,"upper_bound":10011278.947358022},"point_estimate":3274531.200984213,"standard_error":2385077.364682152},"slope":{"confidence_interval":{"confidence_level":0.95,"lower_bound":65585560.63441485,"upper_bound":71542418.06288001},"point_estimate":69085040.62727273,"standard_error":1525433.6453423433},"std_dev":{"confidence_interval":{"confidence_level":0.95,"lower_bound":2376016.5910225487,"upper_bound":7506303.127152323},"point_estimate":5534613.774287738,"standard_error":1296089.0774834803}}