{"mean":{"confidence_interval":{"confidence_level":0.95,"lower_bound":101826974.62870239,"upper_bound":158272767.55157143},"point_estimate":122945375.86642857,"standard_error":16244660.29267537},"median":{"confidence_interval":{"confidence_level":0.95,"lower_bound":100747100.33333334,"upper_bound":119568982.88333333},"point_estimate":103519203.88333333,"standard_error":5155996.434533},"median_abs_dev":{"confidence_interval":{"confidence_level":0.95,"lower_bound":457234.88205745077,"upper_bound":23750565.085123174},"point_estimate":3306641.5828703786,"standard_error":6576286.076501857},"slope":{"confidence_interval":{"confidence_level":0.95,"lower_bound":103165709.17254902,"upper_bound":117107833.84098285},"point_estimate":107410015.82077922,"standard_error":3718151.525657908},"std_dev":{"confidence_interval":{"confidence_level":0.95,"lower_bound":2402518.825809712,"upper_bound":83181881.80034596},"point_estimate":54323642.55465932,"standard_error":26854454.108610637}}