{"mean":{"confidence_interval":{"confidence_level":0.95,"lower_bound":5875890.858298612,"upper_bound":6091915.766832217},"point_estimate":5980877.875984623,"standard_error":55296.840307234925},"median":{"confidence_interval":{"confidence_level":0.95,"lower_bound":5836008.642857143,"upper_bound":6116709.653211806},"point_estimate":5942613.572916666,"standard_error":65156.998999193725},"median_abs_dev":{"confidence_interval":{"confidence_level":0.95,"lower_bound":29513.504338530525,"upper_bound":324171.1081723125},"point_estimate":166071.2237344589,"standard_error":84536.10168724722},"slope":{"confidence_interval":{"confidence_level":0.95,"lower_bound":5893390.487276786,"upper_bound":6192153.374525316},"point_estimate":6068596.710714285,"standard_error":76796.48950357585},"std_dev":{"confidence_interval":{"confidence_level":0.95,"lower_bound":93925.71759448749,"upper_bound":230145.25730506098},"point_estimate":184144.82184259474,"standard_error":33982.528903897604}}