{"mean":{"confidence_interval":{"confidence_level":0.95,"lower_bound":196915596.3316667,"upper_bound":221229760.3333333},"point_estimate":209745324.1666667,"standard_error":6242771.480729093},"median":{"confidence_interval":{"confidence_level":0.95,"lower_bound":185994644.33333334,"upper_bound":224675805.3333333},"point_estimate":220287109.66666666,"standard_error":9731828.166591195},"median_abs_dev":{"confidence_interval":{"confidence_level":0.95,"lower_bound":588847.1967458725,"upper_bound":31069317.60520935},"point_estimate":14050886.833646894,"standard_error":8768716.488590326},"slope":null,"std_dev":{"confidence_interval":{"confidence_level":0.95,"lower_bound":8327894.16162216,"upper_bound":24366111.310841784},"point_estimate":20694555.21784506,"standard_error":3600770.98582348}}