{"mean":{"confidence_interval":{"confidence_level":0.95,"lower_bound":64572529.08850397,"upper_bound":67376256.9},"point_estimate":65866584.16420635,"standard_error":718021.3278175615},"median":{"confidence_interval":{"confidence_level":0.95,"lower_bound":63945327.55,"upper_bound":67275539.75},"point_estimate":65367134.23214286,"standard_error":754812.7441129079},"median_abs_dev":{"confidence_interval":{"confidence_level":0.95,"lower_bound":209272.11033467893,"upper_bound":3652764.0247754753},"point_estimate":1986066.9189752643,"standard_error":862262.2777228965},"slope":{"confidence_interval":{"confidence_level":0.95,"lower_bound":63820970.423371986,"upper_bound":66762917.22568093},"point_estimate":64781671.82857143,"standard_error":756531.6526555201},"std_dev":{"confidence_interval":{"confidence_level":0.95,"lower_bound":1063692.817359846,"upper_bound":3219971.8148930236},"point_estimate":2380604.9568621833,"standard_error":599174.9061886737}}