{"mean":{"confidence_interval":{"confidence_level":0.95,"lower_bound":5883868.555296295,"upper_bound":6747006.793329629},"point_estimate":6290664.028351851,"standard_error":221390.02923421364},"median":{"confidence_interval":{"confidence_level":0.95,"lower_bound":5683262.325925926,"upper_bound":6815528.945833333},"point_estimate":6110196.593333334,"standard_error":328710.8898976762},"median_abs_dev":{"confidence_interval":{"confidence_level":0.95,"lower_bound":98284.66571509783,"upper_bound":1260637.9946297565},"point_estimate":762583.6340272676,"standard_error":285687.5582079311},"slope":{"confidence_interval":{"confidence_level":0.95,"lower_bound":5883519.406384977,"upper_bound":6632946.146169388},"point_estimate":6203587.416450216,"standard_error":191715.37203513083},"std_dev":{"confidence_interval":{"confidence_level":0.95,"lower_bound":387081.4735238438,"upper_bound":935616.9709223061},"point_estimate":733983.1416074082,"standard_error":145033.44291455916}}