{"mean":{"confidence_interval":{"confidence_level":0.95,"lower_bound":101048153.0275,"upper_bound":118379412.45},"point_estimate":108712345.6,"standard_error":4462497.903433909},"median":{"confidence_interval":{"confidence_level":0.95,"lower_bound":97576950.5,"upper_bound":115469579.5},"point_estimate":105536795.75,"standard_error":3994106.713351403},"median_abs_dev":{"confidence_interval":{"confidence_level":0.95,"lower_bound":2882193.6226308346,"upper_bound":19624810.39068997},"point_estimate":9750141.926850379,"standard_error":4654012.417644961},"slope":null,"std_dev":{"confidence_interval":{"confidence_level":0.95,"lower_bound":5309902.7261736,"upper_bound":21176653.51737368},"point_estimate":14958800.031526932,"standard_error":4604403.840305184}}