{"mean":{"confidence_interval":{"confidence_level":0.95,"lower_bound":67410538.90969792,"upper_bound":70351456.54517856},"point_estimate":68843472.34113096,"standard_error":751267.6250611132},"median":{"confidence_interval":{"confidence_level":0.95,"lower_bound":66761892.05,"upper_bound":71444743.1},"point_estimate":68416250.66666666,"standard_error":1143748.7538466929},"median_abs_dev":{"confidence_interval":{"confidence_level":0.95,"lower_bound":370384.916899368,"upper_bound":4381019.5741651},"point_estimate":2521697.326325911,"standard_error":1001539.2501829275},"slope":{"confidence_interval":{"confidence_level":0.95,"lower_bound":67603692.88719513,"upper_bound":71456039.75931121},"point_estimate":69890253.05324675,"standard_error":946109.5342299276},"std_dev":{"confidence_interval":{"confidence_level":0.95,"lower_bound":1465670.9006292324,"upper_bound":3029404.7855101624},"point_estimate":2504509.8342923597,"standard_error":392641.91425087274}}